{
    "_projeto" : "C_FORMULÁRIO - Validador de formulários",
    "_autor" : "Desenvolvido por Marco Meneses (EMES3SOFT)",
    "_versao" : "1.3",
    "tempo_de_espera" : 3500,
    "tipos_mensagens": [
        [0, "Erro", "danger", "<i class='fa-solid fa-circle-xmark me-3'></i>"],
        [1, "Aviso", "warning", "<i class='fa-solid fa-circle-exclamation me-3'></i>"],
        [2, "Informação", "info", "<i class='fa-solid fa-circle-info me-3'></i>"],
        [3, "Sucesso", "success", "<i class='fa-solid fa-circle-check me-3'></i>"],
        [0, "Erro Personalizado", "danger", "<i class='fa-solid fa-circle-xmark me-3'></i>"]
    ],
    "construtor": [
        [0, 0, "C_F - E0", "Construtor: O objeto não é um formulário"]
    ],
    "obterposicaocarater" : [
        [0, 0, "C_F - E0", "ObterPosicaoCarater: Erro na definição do texto"],
        [1, 0, "C_F - E1", "ObterPosicaoCarater: Erro na definição do texto a procurar"],
        [2, 0, "C_F - E2", "ObterPosicaoCarater: Erro no tipo do texto (string)"],
        [3, 0, "C_F - E3", "ObterPosicaoCarater: Erro no tipo do texto a procurar (string)"],
        [4, 0, "C_F - E4", "ObterPosicaoCarater: Erro no tipo da posição inicial (int)"]
    ],
    "formulario" : [
        [0, 0, "C_F - E0", "Resolva os erros"]
    ]
}