{
    "gerais" : {
        "usar_classe_b5toast" : true,
        "usar_classe_datatables" : true,
        "usar_classe_flatpickr" : true
    },
    "mensagens" : {
        "tempo" : 4000,
        "estilo" : {
            "toast" : "<script>b5toast.mostrar(__classe__, __mensagem__, __icon__  __titulo__, __duracao__)</script>",
            "alerta" : "<div class='auto-close alert alert-__classe__'><div class='fw-bold'>__icon__  __titulo__</div> __mensagem__ </div>"
        },
        "tipo" : {
            "e" : {
                "classe" : "error", 
                "titulo": "ERRO __codigo__",
                "icon" : "<i class='fa-solid fa-circle-xmark'></i>"
            },
            "a" : {
                "classe" : "warning", 
                "titulo" : "AVISO __codigo__" , 
                "icon" : "<i class='fa-solid fa-circle-exclamation'></i>"
            },
            "s": {
                "classe" : "success", 
                "titulo" : "SUCESSO __codigo__", 
                "icon" : "<i class='fa-solid fa-circle-check'></i>"},
            "i" : {
                "classe" : "info", 
                "titulo" : "INFORMAÇÃO __codigo__", 
                "icon" : "<i class='fa-solid fa-circle-info'></i>"}
        }
    },
    "html_formulario" : {
        "usar_classe_b5toast" : true,
        "usar_classe_flatpickr" : true,
        "tamanhos" : {
            "xxl" : 0, 
            "xl" : 0, 
            "lg" : 0, 
            "md" : 0, 
            "sm" : 0, 
            "col" : 12
        },
        "iniciais_nome" : {
            "text" : "txt", 
            "password" : "txt", 
            "checkbox" : "chk", 
            "radio" : "rd", 
            "select" : "sel", 
            "textaria" : "txt", 
            "button" : "btn"
        },
        "formulario" : {
            "estrutura" : "<div class='row'><div class='__tamanhos__'><form id='f__nome__' method='POST' action=__link__>__estrutura__</form></div></div></div>", 
            "__tamanhos__" : ""
        },
        "botao" : { 
            "insert_gravar" : {
                "__classes__" : "", 
                "__cor__" : "success", 
                "__texto__" : "Gravar", 
                "__tipo__" : "submit"
            },
            "insert_cancelar" : {
                "__classes__" : "", 
                "__cor__" : "secondary", 
                "__texto__" : "Cancelar", 
                "__tipo__": "button"
            },
            "insert_limpar" : {
                "__classes__" : "", 
                "__cor__" : "warning", 
                "__texto__" : "Limpar", 
                "__tipo__": "reset"},
            "update_gravar" : {
                "__classes__" : "", 
                "__cor__" : "success", 
                "__texto__" : "Atualizar", 
                "__tipo__" : "submit"
            },
            "update_cancelar" : {
                "__classes__" : "", 
                "__cor__" : "warning", 
                "__texto__" : "Cancelar", 
                "__tipo__" : "button"
            },
            "delete_confirmar" : {
                "__classes__" : "", 
                "__cor__" : "danger", 
                "__texto__" : "Confirmar", 
                "__tipo__" : "button"
            },
            "delete_cancelar" : {
                "__classes__" : "", 
                "__cor__" : "warning", 
                "__texto__" : "Cancelar", 
                "__tipo__" : "submit"
            },
            "__maisclasses__" : "botao fw-bold py-1 mb-3",
            "estrutura" : "<div class='col'><button type='__tipo__' class='btn btn-__cor__ __classes__ __maisclasses__' id='__iniciais_nome____nome__'>__texto__</button></div></div>",
            "estrutura_externa" : "'<div class='row linha_botoes'>__botoes__</div>"
        },
        "input" : {
            "estrutura_texto" : {"estrutura" : "<div class='form-floating mb-3'>__input__ __label__</div>",
                "__input__" : "<input type='__tipo__' class='form-control __classes__' id='__id____nome__' name='__id____nome__' max-length='__tamanho__' value='__valor__' placeholder='?'>",
                "__label__" : "<label class='form-check-label' for='__id____nome__'>__titulo__</label>",
                "tipos" : ["texto", "palavra_passe", "email", "data", "hora", "datahora"]
            },
            "estrutura_selecionar" : {
                "estrutura" : "<div class='form-check form-check-reverse mb-3'>__input__ __label__</div>",
                "__input__" : "<input type='__tipo__' class='form-check-input __classes__' id='__id____nome__' name='__id____nome__' __valor__>",
                "__label__" : "<label class='form-check-label float-start' for='__id____nome__'>__titulo__</label>",
                "tipos" : ["selecionar", "radio"]
            },
            "texto" : {
                "__tipo__" : "text", 
                "__classes__" : "", 
                "nome_campo" : "", 
                "tipo_dados" : "varchar"
            },
            "palavra_passe" : {
                "__tipo__" : "password", 
                "__classes__" : "", 
                "nome_campo" : "passe", 
                "tipo_dados" : "varchar"
            },
            "email" : {
                "__tipo__" : "text", 
                "__classes__" : "email", 
                "nome_campo" : "email, correio_eletronico", 
                "tipo_dados" : "varchar"},
            "data" : {
                "__tipo__" : "text", 
                "__classes__" : "flatpickr_data", 
                "nome_campo" : "data", 
                "tipo_dados" : "date"},
            "hora" : {
                "__tipo__" : "text", 
                "__classes__" : "flatpickr_hora", 
                "nome_campo" : "hora", 
                "tipo_dados" : "time"},
            "datahora" : {
                "__tipo__" : "text", 
                "__classes__" : "flatpickr_datahora", 
                "nome_campo" : "datahora, dth", 
                "tipo_dados" : "datetime"},
            "selecionar" : {
                "__tipo__" : "checkbox", 
                "__classes__" : "selecionar", 
                "nome_campo" : "chk", 
                "tipo_dados" : "bit"},
            "radio" : {
                "__tipo__" : "radio", 
                "__classes__" : "opcoes", 
                "nome_campo" : "rd", 
                "tipo_dados" : "int"}
        },
        "select" : {
            "estrutura" : "<div class='form-floating mb-3'>__select__ __label__</div>",
            "__select__" : "<select id='sel__nome__' name='sel__nome__' class='form-select' aria-label='select'>__opcoes__</select>",
            "__opcoes__" : "<option __selecionado__ value='__valor__'>__texto__</option>",
            "__label__" : " <label for='sel__nome__'>__texto__</label>"
        },
        "textaria" : {"estrutura" : "<div class='form-floating mb-3'>__select__ __label__</div>",
            "__select__" : "<select id='sel__nome__' name='sel__nome__' class='form-select' aria-label='select'>__opcoes__</select>",
            "__opcoes__" : "<option __selecionado__ value='__valor__'>__texto__</option>",
            "__label__" : " <label for='__nome__'>__texto__</label>"
        },
        "grupos" : {
            "linha" : "<div class='row'>__colunas__</div>",
            "coluna" : "<div class='__tamanhos__'>__tag__</div>",
            "tamanhos" : [] 
        }
    },
    "html_tabela": {
        "tamanhos" : {
            "xxl" : 0, 
            "xl" : 0, 
            "lg" : 0, 
            "md" : 0, 
            "sm" : 0, 
            "col" : 12
        },
        "tabela" : {
            "estrutura" : "<div class='row'><div class='__tamanhos__'><table id='t__nome__' class='__classes__'><thead>__thead__</thead><tbody>__tbody__</tbody><tfoot>__tfoot__</tfoot></table></div></div></div>",
            "estrutura_sm" : "<div class='row'><div class='__tamanhos__'><table id='t__nome__' class='__classes__ table_sm'><thead>__thead__</thead><tbody>__tbody__</tbody><tfoot>__tfoot__</tfoot></table></div></div></div>"
        },
        "cabecalho" : {
            "linha" : 0, 
            "__numlinhas__" : 1, 
            "__numcolunas__" : 1, 
            "__texto__" : ""
        },
        "estruturas" : {
            "__thead__" : "<tr>__th__</tr>",
            "__tbody__" : "<tr>__td__</tr>",
            "__tfoot__" : "<tr>__td__</tr>",
            "__td__" : "<td__colspan____rowspan__>__texto__</td__colspan____rowspan__>",
            "__th__" : "<td__colspan____rowspan__>__texto__</td__colspan____rowspan__>",
            "__colspan__" : " colspan='__colunas__'",
            "__rowspan__" : " rowspan='__linhas__'"
        }
    }
}
